date,channel,amount,payment_status,source_tab,source_file
2025-01-26,DonorBox,300.0,Paid,Jana to FollowUp,DonorsPaliNightFund
2025-01-26,DonorBox,104.56,Paid,Jana to FollowUp,DonorsPaliNightFund
2025-01-26,DonorBox,300.0,Paid,Jana to FollowUp,DonorsPaliNightFund
2025-01-26,DonorBox,42.09,Paid,Jana to FollowUp,DonorsPaliNightFund
2025-01-28,E-transfer to our bank,3000.0,Paid,Jana to FollowUp,DonorsPaliNightFund
2025-01-29,E-transfer to our bank,1000.0,Paid,Jana to FollowUp,DonorsPaliNightFund
2025-01-29,E-transfer to our bank,500.0,Paid,Jana to FollowUp,DonorsPaliNightFund
2025-01-26,E-transfer to our bank,1000.0,Paid,E-Transfer,DonorsPaliNightFund
2025-01-26,E-transfer to our bank,100.0,Paid,E-Transfer,DonorsPaliNightFund
2025-01-26,E-transfer to our bank,3000.0,Paid,E-Transfer,DonorsPaliNightFund
2025-01-27,E-transfer to our bank,1000.0,Paid,E-Transfer,DonorsPaliNightFund
2025-01-27,E-transfer to our bank,2000.0,Paid,E-Transfer,DonorsPaliNightFund
2025-01-26,DonorBox,312.79,Paid,DonorBox,DonorsPaliNightFund
2025-01-26,DonorBox,104.56,Paid,DonorBox,DonorsPaliNightFund
2025-01-26,DonorBox,300.0,Paid,DonorBox,DonorsPaliNightFund
2025-01-26,DonorBox,42.09,Paid,DonorBox,DonorsPaliNightFund
2025-01-09,e-transfer to Jana's,90.0,Paid,Jana's Bank E-transfer,DonorsPaliNightFund
2025-01-10,e-transfer to Jana's,45.0,Paid,Jana's Bank E-transfer,DonorsPaliNightFund
2025-01-12,e-transfer to Jana's,90.0,Paid,Jana's Bank E-transfer,DonorsPaliNightFund
2025-01-12,e-transfer to Jana's,90.0,Paid,Jana's Bank E-transfer,DonorsPaliNightFund
2025-01-12,e-transfer to Jana's,135.0,Paid,Jana's Bank E-transfer,DonorsPaliNightFund
2025-01-13,e-transfer to Jana's,180.0,Paid,Jana's Bank E-transfer,DonorsPaliNightFund
2025-01-13,e-transfer to Jana's,90.0,Paid,Jana's Bank E-transfer,DonorsPaliNightFund
2025-01-13,e-transfer to Jana's,135.0,Paid,Jana's Bank E-transfer,DonorsPaliNightFund
2025-01-13,e-transfer to Jana's,90.0,Paid,Jana's Bank E-transfer,DonorsPaliNightFund
2025-01-15,e-transfer to Jana's,45.0,Paid,Jana's Bank E-transfer,DonorsPaliNightFund
2025-01-15,e-transfer to Jana's,45.0,Paid,Jana's Bank E-transfer,DonorsPaliNightFund
2025-01-17,e-transfer to Jana's,180.0,Paid,Jana's Bank E-transfer,DonorsPaliNightFund
2025-01-18,e-transfer to Jana's,45.0,Paid,Jana's Bank E-transfer,DonorsPaliNightFund
2025-01-19,e-transfer to Jana's,45.0,Paid,Jana's Bank E-transfer,DonorsPaliNightFund
2025-01-20,e-transfer to Jana's,180.0,Paid,Jana's Bank E-transfer,DonorsPaliNightFund
2025-01-21,e-transfer to Jana's,135.0,Paid,Jana's Bank E-transfer,DonorsPaliNightFund
2025-01-22,e-transfer to Jana's,45.0,Paid,Jana's Bank E-transfer,DonorsPaliNightFund
2025-01-24,e-transfer to Jana's,225.0,Paid,Jana's Bank E-transfer,DonorsPaliNightFund
2025-01-24,e-transfer to Jana's,90.0,Paid,Jana's Bank E-transfer,DonorsPaliNightFund
2025-01-24,e-transfer to Jana's,50.0,Paid,Jana's Bank E-transfer,DonorsPaliNightFund
2025-01-24,e-transfer to Jana's,90.0,Paid,Jana's Bank E-transfer,DonorsPaliNightFund
2025-01-25,e-transfer to Jana's,45.0,Paid,Jana's Bank E-transfer,DonorsPaliNightFund
2025-01-25,e-transfer to Jana's,135.0,Paid,Jana's Bank E-transfer,DonorsPaliNightFund
2025-01-25,e-transfer to Jana's,45.0,Paid,Jana's Bank E-transfer,DonorsPaliNightFund
2025-01-26,e-transfer to Jana's,90.0,Paid,Jana's Bank E-transfer,DonorsPaliNightFund
2025-01-26,e-transfer to Jana's,90.0,Paid,Jana's Bank E-transfer,DonorsPaliNightFund
2025-01-26,e-transfer to Jana's,50.0,Paid,Jana's Bank E-transfer,DonorsPaliNightFund
2025-01-26,e-transfer to Jana's,45.0,Paid,Jana's Bank E-transfer,DonorsPaliNightFund
2025-01-26,e-transfer to Jana's,45.0,Paid,Jana's Bank E-transfer,DonorsPaliNightFund
2025-01-26,e-transfer to Jana's,180.0,Paid,Jana's Bank E-transfer,DonorsPaliNightFund
,EventBrite,,Paid,EventBrite,DonorsPaliNightFund
,EventBrite,,Paid,EventBrite,DonorsPaliNightFund
,EventBrite,,Paid,EventBrite,DonorsPaliNightFund
,EventBrite,,Paid,EventBrite,DonorsPaliNightFund
,EventBrite,,Paid,EventBrite,DonorsPaliNightFund
,EventBrite,,Paid,EventBrite,DonorsPaliNightFund
,EventBrite,,Paid,EventBrite,DonorsPaliNightFund
,EventBrite,,Paid,EventBrite,DonorsPaliNightFund
,EventBrite,,Paid,EventBrite,DonorsPaliNightFund
,EventBrite,,Paid,EventBrite,DonorsPaliNightFund
,EventBrite,,Paid,EventBrite,DonorsPaliNightFund
,EventBrite,,Paid,EventBrite,DonorsPaliNightFund
,Cash,500.0,Paid,Donations at the Event,DonorsPaliNightFund
,E-transfer,500.0,Pledged,Donations at the Event,DonorsPaliNightFund
,E-transfer,5000.0,Pledged,Donations at the Event,DonorsPaliNightFund
,Cash,2500.0,Pledged,Donations at the Event,DonorsPaliNightFund
,E-transfer,500.0,Pledged,Donations at the Event,DonorsPaliNightFund
,Credit Card,500.0,Pledged,Donations at the Event,DonorsPaliNightFund
,DONORBOX,500.0,Pledged,Donations at the Event,DonorsPaliNightFund
,DONORBOX,500.0,Paid,Donations at the Event,DonorsPaliNightFund
,E-transfer,10000.0,Pledged,Donations at the Event,DonorsPaliNightFund
,E-transfer,10000.0,Pledged,Donations at the Event,DonorsPaliNightFund
,E-transfer,10000.0,Pledged,Donations at the Event,DonorsPaliNightFund
,E-transfer,10000.0,Pledged,Donations at the Event,DonorsPaliNightFund
,???,10000.0,Pledged,Donations at the Event,DonorsPaliNightFund
,E-transfer,10000.0,Pledged,Donations at the Event,DonorsPaliNightFund
,E-transfer,1000.0,Pledged,Donations at the Event,DonorsPaliNightFund
,E-transfer,3500.0,Pledged,Donations at the Event,DonorsPaliNightFund
,Cash,250.0,Pledged,Donations at the Event,DonorsPaliNightFund
,Credit Card,500.0,Pledged,Donations at the Event,DonorsPaliNightFund
,E-transfer,200.0,Pledged,Donations at the Event,DonorsPaliNightFund
,E-transfer,1000.0,Pledged,Donations at the Event,DonorsPaliNightFund
,Cheque,1000.0,Pledged,Donations at the Event,DonorsPaliNightFund
,Cheque,500.0,Paid,Donations at the Event,DonorsPaliNightFund
,E-transfer,1000.0,Pledged,Donations at the Event,DonorsPaliNightFund
,E-transfer,1000.0,Pledged,Donations at the Event,DonorsPaliNightFund
,E-transfer,1000.0,Pledged,Donations at the Event,DonorsPaliNightFund
,Cash,2500.0,Pledged,Donations at the Event,DonorsPaliNightFund
,Cash,2500.0,Pledged,Donations at the Event,DonorsPaliNightFund
,E-transfer,2500.0,Pledged,Donations at the Event,DonorsPaliNightFund
,E-transfer,100.0,Paid,Donations at the Event,DonorsPaliNightFund
,E-transfer,500.0,Unknown,Donations at the Event,DonorsPaliNightFund
,Cash,200.0,Paid,Donations at the Event,DonorsPaliNightFund
,E-transfer,500.0,Unknown,Donations at the Event,DonorsPaliNightFund
,E-transfer,3000.0,Paid,Donations at the Event,DonorsPaliNightFund
,E-transfer to our bank,2000.0,Paid,Donations at the Event,DonorsPaliNightFund
,E-transfer,1000.0,Unknown,Donations at the Event,DonorsPaliNightFund
,Cash,100.0,Paid,Donations at the Event,DonorsPaliNightFund
,Cash,100.0,Paid,Donations at the Event,DonorsPaliNightFund
,E-transfer,1000.0,Paid,Donations at the Event,DonorsPaliNightFund
,Credit card,1000.0,Unknown,Donations at the Event,DonorsPaliNightFund
,E-transfer,1000.0,Unknown,Donations at the Event,DonorsPaliNightFund
,E-transfer,1000.0,Paid,Donations at the Event,DonorsPaliNightFund
,,,Unknown,Donations at the Event,DonorsPaliNightFund
,Cash,150.0,Paid,Donations at the Event,DonorsPaliNightFund
,,1680.0,Unknown,Donations at the Event,DonorsPaliNightFund
,,,Unknown,Donations at the Event,DonorsPaliNightFund
,,,Unknown,Donations at the Event,DonorsPaliNightFund
,,,Unknown,Donations at the Event,DonorsPaliNightFund
,,,Unknown,Donations at the Event,DonorsPaliNightFund
,,,Unknown,Donations at the Event,DonorsPaliNightFund
,,102280.0,Unknown,Donations at the Event,DonorsPaliNightFund
